,sequence,mhc,bind,score
0,HLPETKFSEL,B*07:02,1.0,0.7096653572387166
1,NAPWAVTSL,B*07:02,1.0,0.9190727406077914
2,PPYTVVYFPVRGR,B*07:02,1.0,0.7773500896162457
3,PVPEEEEGFEGGD,B*07:02,1.0,0.5518476658811172
4,TFTVTEKPEVID,B*07:02,1.0,0.06546536267625117
5,VNLPINGNGKQ,B*07:02,1.0,0.9683329065640768
6,AGFAGDDAPR,B*07:02,1.0,0.38036765727317995
7,NVKVDPEIQ,B*07:02,1.0,0.5895208676811308
8,YLPDGTASL,B*07:02,1.0,0.5214833948347304
9,IAPTGHSL,B*07:02,1.0,0.5110954071084658
10,RLREVSEKL,B*07:02,1.0,0.6574790924787521
11,TTTEAVDAATAE,B*07:02,1.0,0.0023663376836743234
12,TVTEKPEVID,B*07:02,1.0,0.012415050336534882
13,SIPGGYNAL,B*07:02,1.0,0.5854007883204354
14,DSYVGDEAQSK,B*07:02,1.0,0.2387496632937756
15,GVWTYDDATKTF,B*07:02,1.0,0.07852260005246434
16,LGEYGFQNALIVR,B*07:02,1.0,0.0011549187922557597
17,AVAKHFVAL,B*07:02,1.0,0.8390929682387246
18,DPFNPFELTNH,B*07:02,1.0,0.12025013478058907
19,ESGPSIVH,B*07:02,1.0,0.09671162012576436
20,STGGAPTFNVTVTK,B*07:02,1.0,0.16409513292213282
21,ADLINNLGTIAK,B*07:02,1.0,0.13015183043252262
22,ASGPPVSELITK,B*07:02,1.0,0.2534991964283917
23,FLASVSTVLTSK,B*07:02,1.0,0.34967537767564255
24,LRVDPVNFK,B*07:02,1.0,0.07027851168014523
25,YIDQEELNK,B*07:02,1.0,0.10288948019863003
26,DIAALVVD,B*07:02,1.0,0.10213853372260928
27,ILLAELEQLK,B*07:02,1.0,0.01368148259482243
28,KLVAASQAALGL,B*07:02,1.0,0.19311965189667213
29,KVPQVSTPTLVEVSR,B*07:02,1.0,0.1975387148688444
30,LVAASQAALGL,B*07:02,1.0,0.5181365054514673
31,LVNEVTEFAK,B*07:02,1.0,0.07080894108447763
32,LVRYTKKVPQVSTPT,B*07:02,1.0,0.010371917837700393
33,PAYHSSLMD,B*07:02,1.0,0.15861734450380835
34,TAFQEALDAAGDK,B*07:02,1.0,0.005588987767825731
35,VHLTPEEKSAVTAL,B*07:02,1.0,0.0498951004507641
36,VNVDEVGGEALGR,B*07:02,1.0,0.060278308810666203
37,VRYTKKVPQVSTPT,B*07:02,1.0,0.0011386981548437486
38,YLAPNNLKPVVAE,B*07:02,1.0,0.027460635124751005
39,KVREEFKEL,B*07:02,1.0,0.8816746638880836
40,TVMGAEIRHVL,B*07:02,1.0,0.7154743091927634
41,RVAEFHTEL,B*07:02,1.0,0.9402003321382735
42,AAAGPGAAL,B*07:02,1.0,0.9592270950476328
43,AAERRGPL,B*07:02,1.0,0.1896057738405135
44,AALSPSSGQRL,B*07:02,1.0,0.20259378022617763
45,AAMAGRLMI,B*07:02,1.0,0.2337011056434777
46,AASEKRLHAL,B*07:02,1.0,0.6569273960259225
47,AGTPSPIQL,B*07:02,1.0,0.10208410288517673
48,AIIRDRAAL,B*07:02,1.0,0.6180139722095596
49,ALAPALSAP,B*07:02,1.0,0.14326151543193394
50,APAAIPAL,B*07:02,1.0,0.9793680542045169
51,APAAYPREVAL,B*07:02,1.0,0.9971625970469581
52,APAGGAGAL,B*07:02,1.0,0.9978252020147111
53,APAGSIISL,B*07:02,1.0,0.9970634579658508
54,APAPGAPLL,B*07:02,1.0,0.9986298580964407
55,APAPGAPLLPL,B*07:02,1.0,0.9989187055163913
56,APAPSRGSVQV,B*07:02,1.0,0.9936279555161794
57,APAPSRGSVQVAL,B*07:02,1.0,0.9921659562322829
58,APDAAPAPASI,B*07:02,1.0,0.7551748520798154
59,APDGLPAL,B*07:02,1.0,0.850443141327964
60,APEGAAAGDGGRVAL,B*07:02,1.0,0.408378045902484
61,APFGLKPRSV,B*07:02,1.0,0.9613322450055016
62,APFLRIAF,B*07:02,1.0,0.9132101767592959
63,APGDYGRQAL,B*07:02,1.0,0.9953473309675852
64,APGEPGSAF,B*07:02,1.0,0.9858265585369534
65,APGGGPGTL,B*07:02,1.0,0.9828653037548065
66,APGGTGIVSA,B*07:02,1.0,0.8180107358429167
67,APGIIPRISV,B*07:02,1.0,0.8657364745934805
68,APGPGLLL,B*07:02,1.0,0.9431431790192922
69,APGPGPASARAQL,B*07:02,1.0,0.8509466648101807
70,APGQGGIL,B*07:02,1.0,0.7258575020564927
71,APHDYGLIL,B*07:02,1.0,0.9734646644857194
72,APHEILIQI,B*07:02,1.0,0.8493813855780495
73,APHPSSWETL,B*07:02,1.0,0.9886473847760094
74,APIASIHSF,B*07:02,1.0,0.9908580482006073
75,APINFTSRL,B*07:02,1.0,0.9753388232654996
76,APISDIIAI,B*07:02,1.0,0.8849326901965671
77,APLAAGMIAL,B*07:02,1.0,0.9849336213535733
78,APLEDEATL,B*07:02,1.0,0.9186692734559377
79,APLGGTPTL,B*07:02,1.0,0.9919759929180145
80,APLSGPVL,B*07:02,1.0,0.9602982501188914
81,APNGAGLVL,B*07:02,1.0,0.9975487258699205
82,APPQEQKQML,B*07:02,1.0,0.9358610775735643
83,APQGGMAAL,B*07:02,1.0,0.9967543648348914
84,APQLLIVL,B*07:02,1.0,0.7248891095320383
85,APQTSTPSL,B*07:02,1.0,0.9953734113110436
86,APRAGTPGF,B*07:02,1.0,0.9983222583929697
87,APRDWKATL,B*07:02,1.0,0.9990370935863919
88,APRPSTGPHKL,B*07:02,1.0,0.9995963242318895
89,APSAPAAAV,B*07:02,1.0,0.9816932479540507
90,APSASVVLL,B*07:02,1.0,0.978319075372484
91,APSGESRKFL,B*07:02,1.0,0.9017880658308665
92,APSGGWNGVGASL,B*07:02,1.0,0.9890059861871932
93,APSGIGSIF,B*07:02,1.0,0.977161662446128
94,APSQQQPML,B*07:02,1.0,0.9233670069111718
95,APSSETGTSL,B*07:02,1.0,0.9958505233128866
96,APSYLARSL,B*07:02,1.0,0.9970487786663903
97,APTLLPEL,B*07:02,1.0,0.9483235677083334
98,APTPIQAL,B*07:02,1.0,0.9741489953464932
99,APTPVPAL,B*07:02,1.0,0.9800991647773318
100,APVGGHIL,B*07:02,1.0,0.9715742965539297
101,ASPKSPTAAL,B*07:02,1.0,0.6774329998426967
102,AVEPGRPPL,B*07:02,1.0,0.7751529249880049
103,AVPAGXXX,B*07:02,1.0,0.007249114082595851
104,EPAPASVTAL,B*07:02,1.0,0.9292783108022478
105,EPRYPPHSL,B*07:02,1.0,0.9955092966556549
106,ETYVPKEF,B*07:02,1.0,0.033052181307640344
107,FPAAPIPTL,B*07:02,1.0,0.9888198342588213
108,FPAEDWAGL,B*07:02,1.0,0.7799879047605727
109,FPAEPLEL,B*07:02,1.0,0.9601643019252353
110,FPAKPGSLTL,B*07:02,1.0,0.9977654914061228
111,FPRDPKRLTP,B*07:02,1.0,0.7477997568332486
112,FPRPVTVEP,B*07:02,1.0,0.924594157271915
113,GAFLRHAAL,B*07:02,1.0,0.7362540347708596
114,GPAYAFTAL,B*07:02,1.0,0.9253120438920127
115,GPGWRPLLL,B*07:02,1.0,0.9644544720649719
116,GPLYKNGSL,B*07:02,1.0,0.954603354136149
117,GPMGGGLTL,B*07:02,1.0,0.9966121779547797
118,GPMPQTREHL,B*07:02,1.0,0.9449536071883308
119,GPNVTKITL,B*07:02,1.0,0.966634945736991
120,GPREALSRL,B*07:02,1.0,0.9876403113206228
121,GPRPGAERL,B*07:02,1.0,0.9932951033115387
122,GPSLAAPAL,B*07:02,1.0,0.983970519569185
123,HESEQLGSISV,B*07:02,1.0,0.04276913851370207
124,HPPMILPLPL,B*07:02,1.0,0.9079814238680733
125,HPRLVVIVL,B*07:02,1.0,0.9759950041770935
126,IINAARESL,B*07:02,1.0,0.7389423002799352
127,IPADTFAAL,B*07:02,1.0,0.9496158063411713
128,IPAKKYVKL,B*07:02,1.0,0.9641783005661435
129,IPALGGISL,B*07:02,1.0,0.9937358134322696
130,IPFSGALEL,B*07:02,1.0,0.9939392871326871
131,IPFWRNTAV,B*07:02,1.0,0.9173145625326369
132,IPHIHKSL,B*07:02,1.0,0.9794191618760427
133,IPISPSTEV,B*07:02,1.0,0.9652420514159732
134,IPLAKRVAL,B*07:02,1.0,0.991987536350886
135,IPNNVKTAV,B*07:02,1.0,0.9730386734008789
136,IPYEGFASL,B*07:02,1.0,0.9860111971696218
137,KARDPHSGHFVAL,B*07:02,1.0,0.52928761103087
138,KPIFSLNTV,B*07:02,1.0,0.9342619809839461
139,KPKMNYEKL,B*07:02,1.0,0.9445237914721171
140,KPNDVSVFTTL,B*07:02,1.0,0.9886284735467699
141,KPSEERVREIIINA,B*07:02,1.0,0.4807555058764087
142,KPYLPSRAL,B*07:02,1.0,0.9995375838544633
143,KVRDPRPWL,B*07:02,1.0,0.8876996868186526
144,KVRYPDRITL,B*07:02,1.0,0.906448107626703
145,LDPVLQNPL,B*07:02,1.0,0.3834493671440416
146,LGSPAAGTLA,B*07:02,1.0,0.025360809826654278
147,LIMGFLVLGL,B*07:02,1.0,0.13994847729595172
148,LPAAPGKGL,B*07:02,1.0,0.9938594996929169
149,LPASGQIAL,B*07:02,1.0,0.9811608195304871
150,LPDFERESL,B*07:02,1.0,0.9804840584595998
151,LPEKNRQML,B*07:02,1.0,0.9755820400185056
152,LPGGPTLTF,B*07:02,1.0,0.8736348383956485
153,LPIVTPAL,B*07:02,1.0,0.8574748320711983
154,LPQKPHLKL,B*07:02,1.0,0.98676355348693
155,LPRELSKQV,B*07:02,1.0,0.9459591507911682
156,LPSAPGVVL,B*07:02,1.0,0.9963272445731692
157,LPSGAILSL,B*07:02,1.0,0.992002848121855
158,LPSKPYSTL,B*07:02,1.0,0.9972417751948038
159,LPSNLPQL,B*07:02,1.0,0.8565417644050386
160,LPSPEGLSL,B*07:02,1.0,0.9890395237339867
161,LPSSPPDAL,B*07:02,1.0,0.9820810291502211
162,LPSSVISAI,B*07:02,1.0,0.8831457495689392
163,LPTGSTPL,B*07:02,1.0,0.8232139448324839
164,LPVASSSTL,B*07:02,1.0,0.9726786944601271
165,LPYAGDVSM,B*07:02,1.0,0.9592494832144843
166,LQAPVLVA,B*07:02,1.0,0.021332909074974142
167,MPANSGLAL,B*07:02,1.0,0.9947475327385796
168,MPDSAAAL,B*07:02,1.0,0.8004331679807769
169,MPGALPSL,B*07:02,1.0,0.9449732999006907
170,MPRWAERL,B*07:02,1.0,0.9584002527925704
171,MPTIPALAL,B*07:02,1.0,0.9832408991124895
172,MVRRFLVTL,B*07:02,1.0,0.8537866804334853
173,NPRDLFGSL,B*07:02,1.0,0.9953560762935214
174,NPRKYLRSV,B*07:02,1.0,0.9786235392093658
175,PARVPHSPQRFA,B*07:02,1.0,0.014220148932913112
176,PASKRPPL,B*07:02,1.0,0.9252345164616903
177,PAWPHRGL,B*07:02,1.0,0.7133645299408171
178,PEAKKPRL,B*07:02,1.0,0.2750740997079346
179,PHLVGPHL,B*07:02,1.0,0.526503206955062
180,PKRPPSAF,B*07:02,1.0,0.5420114373167356
181,PRPDRLVNRL,B*07:02,1.0,0.5869985255930159
182,PRPSTGPHKL,B*07:02,1.0,0.9003404014640384
183,PSAARHSL,B*07:02,1.0,0.8960679173469543
184,PSRTLFPSL,B*07:02,1.0,0.7844346910715103
185,PSSAPAVST,B*07:02,1.0,0.1435583820566535
186,QPEWLRAEV,B*07:02,1.0,0.7455600400765737
187,QPQNGRMLV,B*07:02,1.0,0.8838232590092553
188,QPQTPIQGTSEL,B*07:02,1.0,0.8851472238699595
189,QPSEVLRTV,B*07:02,1.0,0.9364265435271792
190,QTAAAAAL,B*07:02,1.0,0.09158434139357673
191,QTAPLRAEL,B*07:02,1.0,0.768287342455652
192,QVDPKKRISM,B*07:02,1.0,0.21656696260389355
193,RASPVRLLSL,B*07:02,1.0,0.9708758989969889
194,RGPLPPLRPL,B*07:02,1.0,0.6084359023306105
195,RIRAAWTRAL,B*07:02,1.0,0.9008611192305883
196,RIRAPIMRM,B*07:02,1.0,0.8018790963623259
197,RPEDRMFHIRA,B*07:02,1.0,0.1398154337786966
198,RPENYREAL,B*07:02,1.0,0.991392109129164
199,RPFHGISTV,B*07:02,1.0,0.9966153105099996
200,RPGHKPSIL,B*07:02,1.0,0.9824186066786448
201,RPIMFRGEV,B*07:02,1.0,0.9426576230261061
202,RPKAKGGLASL,B*07:02,1.0,0.9961804416444566
203,RPKLNRENF,B*07:02,1.0,0.9725649886661105
204,RPKTGVRGL,B*07:02,1.0,0.9956247839662764
205,RPNGTSAMLLVTL,B*07:02,1.0,0.911024765835868
206,RPNVQAISSRL,B*07:02,1.0,0.9591865407096015
207,RPRPGTGLGRVMRTL,B*07:02,1.0,0.9741665290461646
208,RPSGSWNGAL,B*07:02,1.0,0.991172581911087
209,RPVKPELAL,B*07:02,1.0,0.9956503676043617
210,RSGGGFSSGSAGII,B*07:02,1.0,0.36434699155183303
211,RVMGDRSVL,B*07:02,1.0,0.9557398425208198
212,RVPGPPARLGLPL,B*07:02,1.0,0.5835030585941341
213,RVRFLEQQTL,B*07:02,1.0,0.8827511370182037
214,SIRPVSEVTL,B*07:02,1.0,0.7215330683522754
215,SLHHPTLI,B*07:02,1.0,0.009908154445131205
216,SPAGGGAEAL,B*07:02,1.0,0.9969889157348208
217,SPAILPPL,B*07:02,1.0,0.8941169447369046
218,SPAITATL,B*07:02,1.0,0.8842237889766693
219,SPALPSSGA,B*07:02,1.0,0.8753849681880739
220,SPATTGTFL,B*07:02,1.0,0.9909456339147356
221,SPDDPAGLL,B*07:02,1.0,0.9521794517834982
222,SPDLSSLSL,B*07:02,1.0,0.9959077735741934
223,SPDTVSPSL,B*07:02,1.0,0.9805698858367072
224,SPEAVGPEL,B*07:02,1.0,0.9739896919992235
225,SPGDFSISV,B*07:02,1.0,0.8794102884001203
226,SPHATAQGL,B*07:02,1.0,0.9862404697471194
227,SPHGPSAKF,B*07:02,1.0,0.9860248300764296
228,SPHKDSVFL,B*07:02,1.0,0.9735919601387448
229,SPHRPLAGL,B*07:02,1.0,0.9926067756281959
230,SPHSAYTTL,B*07:02,1.0,0.9969110422664218
231,SPIENIQRV,B*07:02,1.0,0.8717626134554545
232,SPIITLVAL,B*07:02,1.0,0.931461849146419
233,SPIVTSGLIM,B*07:02,1.0,0.9012813236978319
234,SPLGSPEL,B*07:02,1.0,0.9646612207094828
235,SPLPLTAL,B*07:02,1.0,0.9827127092414432
236,SPLSAAAAT,B*07:02,1.0,0.7589240388737785
237,SPMLLVAL,B*07:02,1.0,0.9395781424310472
238,SPPDPARRE,B*07:02,1.0,0.14872890475413036
239,SPPSAARHSL,B*07:02,1.0,0.9985738264189826
240,SPQGLKPVV,B*07:02,1.0,0.981638146771325
241,SPQPGSAL,B*07:02,1.0,0.9933295117484199
242,SPRPDRALV,B*07:02,1.0,0.9826460116439395
243,SPRPNHSYI,B*07:02,1.0,0.9891220562987857
244,SPSALIWWL,B*07:02,1.0,0.8348789943589104
245,SPSATLAAL,B*07:02,1.0,0.9956668118635813
246,SPSETVSSL,B*07:02,1.0,0.9954339000913832
247,SPSLNREEV,B*07:02,1.0,0.9614245924684737
248,SPSLPTASL,B*07:02,1.0,0.9994030098120371
249,SPSNGVGSL,B*07:02,1.0,0.9962912102540334
250,SPSPGSGSF,B*07:02,1.0,0.994653602441152
251,SPSPPSVAV,B*07:02,1.0,0.9986022280322181
252,SPSSSATSL,B*07:02,1.0,0.9982657465669844
253,SPTATPRTL,B*07:02,1.0,0.9972030752234988
254,SPTDGLSVM,B*07:02,1.0,0.961315029197269
255,SPTQLPIL,B*07:02,1.0,0.8337787240743637
256,SPWPGTTL,B*07:02,1.0,0.994172583023707
257,SPWSISSTM,B*07:02,1.0,0.9884784254762862
258,SSPRLSSSL,B*07:02,1.0,0.890222450097402
259,SVDGTRTNVYL,B*07:02,1.0,0.41344889470686513
260,SVKSPNQSL,B*07:02,1.0,0.9463833371798197
261,SVRPLVTEL,B*07:02,1.0,0.9796179930369059
262,TAAPPAQPL,B*07:02,1.0,0.9241546359327104
263,TPAALAAL,B*07:02,1.0,0.8553141951560974
264,TPAGVQVIL,B*07:02,1.0,0.9665473103523254
265,TPAPTAGAL,B*07:02,1.0,0.9953251547283597
266,TPARKEISL,B*07:02,1.0,0.9815851251284281
267,TPFPFRTGL,B*07:02,1.0,0.9862740404076047
268,TPHFSGLAA,B*07:02,1.0,0.930966423617469
269,TPINKRPVL,B*07:02,1.0,0.997113929854499
270,TPLLMQAL,B*07:02,1.0,0.9495004349284701
271,TPLSTGGTL,B*07:02,1.0,0.9867304066816965
272,TPLYKKKEL,B*07:02,1.0,0.9355517990059323
273,TPMLLRAL,B*07:02,1.0,0.9912854366832309
274,TPSLIRAGSRVA,B*07:02,1.0,0.4943644207281371
275,TVKPLTLEL,B*07:02,1.0,0.7141661842664083
276,VAPGALLGL,B*07:02,1.0,0.37196842539641595
277,VAVPGQPI,B*07:02,1.0,0.06101414034815712
278,VDPNRAVPL,B*07:02,1.0,0.36626412191738683
279,VPAESAAVL,B*07:02,1.0,0.970150931013955
280,VPDERRYSL,B*07:02,1.0,0.9953604771031274
281,VPGPPARLGL,B*07:02,1.0,0.9745278259118398
282,VPKQPPKTL,B*07:02,1.0,0.9970002803537581
283,VPLGPGQI,B*07:02,1.0,0.4368162444896168
284,VPSAVALVL,B*07:02,1.0,0.9780186480946012
285,VPWKEVLL,B*07:02,1.0,0.7437710828251309
286,VPYSTSASL,B*07:02,1.0,0.993094007174174
287,WARPLSVSF,B*07:02,1.0,0.8847219513522254
288,YPLRPGPQL,B*07:02,1.0,0.9971254269282023
289,YPNPLPVL,B*07:02,1.0,0.9794303940402137
290,YPTSIASL,B*07:02,1.0,0.919969767332077
291,YPTSPGPI,B*07:02,1.0,0.7157597690820694
292,YRSGGGFSSGSAGI,B*07:02,1.0,0.24799647606495354
293,YRSGGGFSSGSAGII,B*07:02,1.0,0.33250025582189363
294,LVSELKRG,B*07:02,0.0,0.0012233336642061153
295,QFGLRMQL,B*07:02,0.0,0.05227761249019144
296,NVVGLNKR,B*07:02,0.0,0.0019290764200074288
297,VGVGIFLW,B*07:02,0.0,0.0022622610690127155
298,GWKPMVIV,B*07:02,0.0,0.0011703709586880803
299,ILQTIKNC,B*07:02,0.0,0.00026338130121277773
300,RIRLKSYE,B*07:02,0.0,0.006408280691377715
301,AVWKPNLP,B*07:02,0.0,0.0028702669684813977
302,GALNAVTA,B*07:02,0.0,0.0005260591484936109
303,MNIKTIEGN,B*07:02,0.0,0.0005086470132987921
304,DKAGSKMAK,B*07:02,0.0,0.001260131365496717
305,RDDLVRTLM,B*07:02,0.0,0.09561450811775608
306,LKQKHPEKE,B*07:02,0.0,0.0005958309567277967
307,NPDILLSPK,B*07:02,0.0,0.1657221787350459
308,MQESFDIEV,B*07:02,0.0,0.008102241829167016
309,KETLTEIRD,B*07:02,0.0,0.000815139764906942
310,LILVHESNA,B*07:02,0.0,0.0014412025435982894
311,CTSGPGYSC,B*07:02,0.0,0.006910380939694328
312,IAVTGTMVL,B*07:02,0.0,0.2775122688876258
313,NFKTILKRI,B*07:02,0.0,0.0013709550277983202
314,MENKGTSAS,B*07:02,0.0,0.0032758922954801368
315,IRKVNIDSI,B*07:02,0.0,0.005707586944077371
316,MDDLVGGGK,B*07:02,0.0,0.006182148913568299
317,GLGGDDDDST,B*07:02,0.0,0.005443511496398262
318,LPAMAGLVGS,B*07:02,0.0,0.16675862933819494
319,FKATRAKLAA,B*07:02,0.0,0.0030709302720626714
320,GKDRLTKVWV,B*07:02,0.0,0.00043763014572404145
321,SSYTLTPATQ,B*07:02,0.0,0.004559910632653757
322,KNVRSIHSIF,B*07:02,0.0,0.05191127355081133
323,HQEEVDRVLE,B*07:02,0.0,0.0021526343585315365
324,VGEGLLSAAR,B*07:02,0.0,0.01708659230563272
325,QRHSRLILAI,B*07:02,0.0,0.010155664417349422
326,GVSFYKVGLG,B*07:02,0.0,0.0013518471710590853
327,SIGRAGDNVT,B*07:02,0.0,0.0043677690482581966
328,LYLNVWIPTP,B*07:02,0.0,0.006207797367500866
329,FTMKKSMLLL,B*07:02,0.0,0.19795660270998874
330,MRLASYKMPV,B*07:02,0.0,0.0884983585241975
331,NVAFEQAENR,B*07:02,0.0,0.003910170927055232
332,LSSNPSRWSV,B*07:02,0.0,0.12256829435419705
333,QIRQYSLSDAP,B*07:02,0.0,0.0059963174539411235
334,NNQLVAQRQQI,B*07:02,0.0,0.004016215988182618
335,QGIEDFFGDMD,B*07:02,0.0,0.00034185445904060744
336,VQVLAAIQQQK,B*07:02,0.0,0.006315057254040666
337,RIRLKAYDHEA,B*07:02,0.0,0.015174599525279418
338,ANADKLLVTQA,B*07:02,0.0,0.00997961736397378
339,IQRYVTQERGT,B*07:02,0.0,0.00045581477813054033
340,GRAVLKPVYPV,B*07:02,0.0,0.004868478323462316
341,NDYQTYAELSV,B*07:02,0.0,0.01274777332178524
342,NKFSVKYYLNL,B*07:02,0.0,0.002633217061682242
343,AEIDKDLAYVC,B*07:02,0.0,0.003107118591692092
344,IANAENNHDLD,B*07:02,0.0,0.0012198989119901347
345,GTLTGWRCRAK,B*07:02,0.0,0.0007645297867561061
346,IRLETRLGAQH,B*07:02,0.0,0.0004348022499066752
347,WRLCFQSRFGS,B*07:02,0.0,0.00024241526746967187
348,RDMPGRLVGVSV,B*07:02,0.0,0.02033119685559844
349,TDISIINKNLID,B*07:02,0.0,0.004260747198713943
350,HIEVVKYLVSQG,B*07:02,0.0,0.0002782564106888054
351,GKSISTLSRSLI,B*07:02,0.0,0.0005249502404593739
352,LVLSVVLNIVYA,B*07:02,0.0,0.0033213872581351702
353,DPRLTTHDKEQQ,B*07:02,0.0,0.01793353265384212
354,DGVLLKVRVQPR,B*07:02,0.0,0.0009356760791787463
355,TASAAIEASTHG,B*07:02,0.0,0.0011152667009607991
356,EMVRADAYVVAL,B*07:02,0.0,0.011429430726113625
357,EGLALAAANGIL,B*07:02,0.0,0.13033719981710115
358,LFYTCFCFSVLW,B*07:02,0.0,0.0005464388312045938
359,ISIGTPPQNFLV,B*07:02,0.0,0.0036990278984174235
360,ERTFSIIKPNAV,B*07:02,0.0,0.002312680407158041
361,SVTDLPTRLKRI,B*07:02,0.0,0.000970390455121459
362,KSVPMNLGGTYR,B*07:02,0.0,0.004746707317180052
363,PFTLTWFATNWN,B*07:02,0.0,0.00024997287204718706
364,KTGMNVDKVLEA,B*07:02,0.0,0.002107395954832706
365,LNYNQIALGRLP,B*07:02,0.0,0.0030992811960762388
366,MNTDANNRIVEF,B*07:02,0.0,0.03982546968230357
367,WFVTPANNRLDF,B*07:02,0.0,0.010910480920251252
368,AAACEEGKNNDEC,B*07:02,0.0,7.589067604385491e-05
369,WFFNEVDSQDGTF,B*07:02,0.0,0.009000398211355787
370,PLLPKESRYWLRE,B*07:02,0.0,8.649223779381525e-05
371,FSKLISNGYKDEW,B*07:02,0.0,0.0002651204572935563
372,RHHRGHSRRRRKR,B*07:02,0.0,7.470076942202771e-06
373,AYTGEISARMLED,B*07:02,0.0,0.0004345919469415094
374,AVAQGNLSVTVNR,B*07:02,0.0,0.011043155510883985
375,VIKTWSRRSTIFP,B*07:02,0.0,6.515805941691926e-05
376,AELIGMTLALSST,B*07:02,0.0,0.0009088997761258119
377,IDHDFVIPEDEML,B*07:02,0.0,0.0009753874851917822
378,WSASGVLSTINPN,B*07:02,0.0,0.0007395165723412194
379,AYARTAAYDAAVS,B*07:02,0.0,0.00022179156778495072
380,QMNFLDIVPISAE,B*07:02,0.0,0.0004521906201059917
381,TIAWGIDGKVNYA,B*07:02,0.0,0.00017993377840260413
382,KEHPLHCAGSFKS,B*07:02,0.0,0.00018765270719237984
383,KNAEMFMLTSLEF,B*07:02,0.0,0.004135950072345117
384,ESIEILRRYKTPF,B*07:02,0.0,0.0012417777858091642
385,ALGLRRLQQERVL,B*07:02,0.0,0.0018598455434483993
386,VNVKNGGTTLNHSH,B*07:02,0.0,0.0003796703182261909
387,GKMEGTFKRKPERS,B*07:02,0.0,1.4353076529182039e-05
388,MNGILLFFCGSELL,B*07:02,0.0,0.0006009279798793917
389,RQETRWICDRSGED,B*07:02,0.0,0.0001251333317213721
390,LEKKQELYKKMLNS,B*07:02,0.0,0.0001284951049266662
391,KNLFRTAALMVPLS,B*07:02,0.0,0.0006462852502914353
392,KYRKVEKMTLVTAA,B*07:02,0.0,4.4392592232927403e-05
393,GTRIFGPVTRELRS,B*07:02,0.0,5.7259242958530697e-05
394,GLGKGGAKRHRKVL,B*07:02,0.0,0.0001614620795559555
395,NSLVKKEIRYDLEV,B*07:02,0.0,5.381362975893151e-05
396,YAEIHVTDTLWPDF,B*07:02,0.0,0.00024368597274183735
397,AQKLSWRVLGGGSN,B*07:02,0.0,0.0010148086478491474
398,VGDSNMSETTTMLK,B*07:02,0.0,0.0013837271190924286
399,IGLVHRNDKYYLAA,B*07:02,0.0,0.00039896008312704606
400,EVRRIEREIADAKL,B*07:02,0.0,0.00016004452878506627
401,RLRRALAAGLKSGA,B*07:02,0.0,0.00033577645060884405
402,AESRDVDPVAIIDD,B*07:02,0.0,0.0002572475359556847
403,ATEIARRLRGKHKT,B*07:02,0.0,6.320636909625439e-05
404,GALKDDPVGGIVAL,B*07:02,0.0,0.009332919498168243
405,EGPLGTLTEENLTE,B*07:02,0.0,0.0017192425649328572
406,AADASEMAWVDVPDC,B*07:02,0.0,0.0009138394798355876
407,FTSDACGLSDVAHVE,B*07:02,0.0,0.0017125329237993963
408,SYVDVTGTSKGKGYA,B*07:02,0.0,0.0015562549456262786
409,GLPKEPMPQELIAAG,B*07:02,0.0,0.002001369348565479
410,LRFDRAELERLMPPS,B*07:02,0.0,0.00011542576564554313
411,RKRRLDEYQLEGKSN,B*07:02,0.0,0.00012162685199099441
412,SGKLRVAERLGVGEW,B*07:02,0.0,0.00017180390972902792
413,PGLLQRRMLYWHRFA,B*07:02,0.0,0.0005922535244988265
414,VLFNIADADGLRNYL,B*07:02,0.0,0.00045108498978960497
415,SAALFKKMDELQTKI,B*07:02,0.0,0.0003542423938698549
416,GRMVGDERQGWAILG,B*07:02,0.0,0.00012990043534147035
417,TRDLVDSLDVPIVLA,B*07:02,0.0,0.00044822296141925716
418,RGKFTFIATSGAFHG,B*07:02,0.0,0.0003093089796190422
419,ASAEQVQQYLNSLQA,B*07:02,0.0,0.00038764184596907906
420,PVVGWPPIRSFRRNL,B*07:02,0.0,0.0006469170469548166
421,VLFEQENIPPPFRLV,B*07:02,0.0,0.0009673890706633554
422,PQEVARWFTRFGADR,B*07:02,0.0,0.00036443191654850833
423,ERSMGKEHRCIVKHE,B*07:02,0.0,6.304635484689748e-06
424,VQVWDKSQVKAVEKA,B*07:02,0.0,0.00026397784875421674
425,RFREDQLGTLDIWDD,B*07:02,0.0,0.00022434692548106087
426,AAKVKVPLPVDVVVA,B*07:02,0.0,0.001016113987336414
427,GGSAQIKAMKKVAGT,B*07:02,0.0,7.448153198513157e-05
428,WLYAKKHNGQFILRF,B*07:02,0.0,0.00023388773439592114
429,GGRKVEFPTDPK,B*07:02,0.0,0.0019753451577141984
430,IHEVLAPGCL,B*07:02,0.0,0.2528267678830566
431,AALRMLLADQGQS,B*07:02,0.0,0.00041810484799498226
432,KIEISELNR,B*07:02,0.0,0.0044029609788493775
433,SGFSGGGFGGGG,B*07:02,0.0,0.010200028262463294
434,QVGEGCRTVP,B*07:02,0.0,0.00815740739118256
435,MIQIMENPFVQ,B*07:02,0.0,0.0038226821100882566
436,GLSSTNFSELQSQ,B*07:02,0.0,0.0008706782864464913
437,QKDSYVGDE,B*07:02,0.0,0.004601416214427445
438,KYPIEHGIVTN,B*07:02,0.0,0.0856272556977476
439,IVGRPRHQGVMVGM,B*07:02,0.0,0.0060862084242722225
440,CETHAMLP,B*07:02,0.0,0.0010744371995517416
441,KTITDVINIGI,B*07:02,0.0,0.0019352400717656969
442,CTESLVNRRPC,B*07:02,0.0,0.0006332333400172906
443,RMPCAEDYLSVV,B*07:02,0.0,0.00206857295092454
444,IAFAQYLQQCPF,B*07:02,0.0,0.00449108800805536
445,VAHRFKDLGEEN,B*07:02,0.0,0.0009866418200140793
446,SEKERQIKKQTAL,B*07:02,0.0,0.005094254490864437
447,EFSGANKE,B*07:02,0.0,0.0003948324677670219
448,ECEVKCMPTFQF,B*07:02,0.0,0.006032575429546543
449,LAHLDNLKGTFATL,B*07:02,0.0,0.02124778167732681
450,DVMRALGQN,B*07:02,0.0,0.001083296424338995
451,ICLKGKESNKKGKAE,B*07:02,0.0,0.00012933073952581253
452,TCMGKWFASRQD,B*07:02,0.0,0.0002494383271217278
453,RCLQDHRRQA,B*07:02,0.0,0.0003218145668344934
454,GETSASKKSN,B*07:02,0.0,0.00078107252738846
455,LERALEEAA,B*07:02,0.0,0.0025893125267531206
456,KQLMELDVSC,B*07:02,0.0,0.004205646966713377
457,QIRELEAEFAHHNYL,B*07:02,0.0,0.002036351019948294
458,TAFTKEQIRELEAEF,B*07:02,0.0,0.0015720643996751783
459,HIINIGRLCLD,B*07:02,0.0,0.0020909334048661143
460,GFEAEGRGL,B*07:02,0.0,0.008419615164813068
461,PHFLDWAA,B*07:02,0.0,0.008327040012874123
462,VDIRDRQRL,B*07:02,0.0,0.014350139057367213
463,LEDEATLGQCGV,B*07:02,0.0,0.0037578050727865454
464,CQDPNPCLST,B*07:02,0.0,0.01253296306822449
465,HLLELAVTFIER,B*07:02,0.0,0.0023860297191681135
466,EHESFLDILNSLSFQ,B*07:02,0.0,0.0008646840932568819
467,VGNTYGNFS,B*07:02,0.0,0.0004324458958661934
468,CMFTYASQ,B*07:02,0.0,0.0004780653966412905
469,KAAFERES,B*07:02,0.0,0.000407029492837157
470,PNAFSTSGD,B*07:02,0.0,0.0035358544539323905
471,AKDAAPVE,B*07:02,0.0,0.0015086052420277458
472,ALTDYKKLRAF,B*07:02,0.0,0.009403438459331583
473,KLGKQINVSKRGTI,B*07:02,0.0,2.9512641693448433e-05
474,SLAEPRLPLQ,B*07:02,0.0,0.06911100447177887
475,KIKAYIDSFRFG,B*07:02,0.0,0.00020711676956529522
476,AEPRLPLQLDDAVRP,B*07:02,0.0,0.002199303745227452
477,NKADAVQDSEMVELV,B*07:02,0.0,0.00048475519704677735
478,LSPRGPAPGEEKFE,B*07:02,0.0,0.004147990076792969
479,VDTKKQIV,B*07:02,0.0,0.006316969585896004
480,VCLFLLPL,B*07:02,0.0,0.17690339994927248
481,SSCRNRKTG,B*07:02,0.0,0.000454439523410757
482,TVAGVQDRVWDTAVG,B*07:02,0.0,0.0004973265808479886
483,LDVVRKEAESCDC,B*07:02,0.0,0.00030006474440193013
484,ATPVDMWSVGCI,B*07:02,0.0,0.0005735887296193849
485,VREVALLRRLEAF,B*07:02,0.0,0.0017567300415571986
486,WYRAPEVLLQSTYA,B*07:02,0.0,0.00044535916883129784
487,KKVSDIKEEVL,B*07:02,0.0,0.01410150904363642
488,HNQNMSGLEKVSKIS,B*07:02,0.0,0.00026654988889478974
489,FQQHSSEVPMTL,B*07:02,0.0,0.04582179318984143
490,DTTGWGVSPRGAG,B*07:02,0.0,0.0002740614499998628
491,SGESAHKAEA,B*07:02,0.0,0.005730149008741137
492,SNPGEKVK,B*07:02,0.0,0.0007079387663300926
493,RHYSIKVVPV,B*07:02,0.0,0.02042310947500583
494,SVLRGAALVPRQAL,B*07:02,0.0,0.17949880607840088
495,RNEFTVLELY,B*07:02,0.0,0.014695716843157748
496,EVQRIVKVKGK,B*07:02,0.0,0.001181055564504479
497,LIDHMANTVEADGSN,B*07:02,0.0,0.0004427907091313601
498,VPSEPQGALPSLC,B*07:02,0.0,0.1944312446220364
499,QHPRTVFVCDEDA,B*07:02,0.0,0.00029329673268168536
500,LAALDGGRSLEE,B*07:02,0.0,0.0048256538324898835
501,TVQVSATED,B*07:02,0.0,0.0016450748432058997
502,VVYYQVKQPRWM,B*07:02,0.0,0.0004259271235140558
503,QEQLKVMFIGGPNT,B*07:02,0.0,0.00022160747117696801
504,LKTCSDDVVD,B*07:02,0.0,0.002855693480038705
505,QETALRVYSHLK,B*07:02,0.0,0.0011193385111659558
506,GPALVTKDS,B*07:02,0.0,0.1444079181075924
507,DKINFVIDNNKHT,B*07:02,0.0,0.00015349966145095095
508,FTTVASEPPVKL,B*07:02,0.0,0.1868195374392801
509,QANPSPYHLYY,B*07:02,0.0,0.037450301525596946
510,VAGSSSGGDRSPT,B*07:02,0.0,0.005222418778026218
511,THVSVTLDG,B*07:02,0.0,0.010328287598288929
512,ESKEVVPQ,B*07:02,0.0,0.0007171160347449282
513,TCVVRTVSV,B*07:02,0.0,0.5143467949496375
514,WLCNGELVTEGVAES,B*07:02,0.0,0.000263225968410552
515,DFVIVRRPK,B*07:02,0.0,0.0011982945498958644
516,AVSPSVLPPSA,B*07:02,0.0,0.17231910711982185
517,VLPPQYVDDVISRI,B*07:02,0.0,0.0006161857754705125
518,VLWLATRGSALY,B*07:02,0.0,0.00699617173975437
519,EIDFLTALY,B*07:02,0.0,0.004461825018451136
520,FLTALYQAELSQMQ,B*07:02,0.0,0.0005216334607717323
521,IKKDVDGAYMTKVDL,B*07:02,0.0,0.000368532459737657
522,HGCLMSRDPYCGWD,B*07:02,0.0,6.709998089920393e-05
523,YPPQVNFPMCTIAS,B*07:02,0.0,0.008890369448636193
524,EMEPVITCDKK,B*07:02,0.0,0.0008616879640612751
525,ELRDCGGLREVEV,B*07:02,0.0,0.0004517212484845206
526,PGYLPTSLAWH,B*07:02,0.0,0.01630646652645535
527,FSPHSVPFLASL,B*07:02,0.0,0.09530530543997884
528,VTSMYGTIFT,B*07:02,0.0,0.004232154496195208
529,APRDSLAAAS,B*07:02,0.0,0.7160205642382304
530,LLSPASPKRRRCA,B*07:02,0.0,0.0002901818809025119
531,TLLPKLIPSGA,B*07:02,0.0,0.001339037861018571
532,IEAVDGEELQMEP,B*07:02,0.0,0.0003334202418854046
533,VGGTIYCLIA,B*07:02,0.0,0.002322934291441925
534,FSPHTSPHL,B*07:02,0.0,0.22146894027375513
535,HWRIGGGDTT,B*07:02,0.0,0.0053867439015044104
536,ILDIPDGHR,B*07:02,0.0,0.0030716539945893195
537,SYIFKREPPEGCEKV,B*07:02,0.0,2.1161984686083695e-05
538,FAEVGCSP,B*07:02,0.0,0.004949745572755799
539,EEIGASEIPEEV,B*07:02,0.0,0.0001852373000777637
540,SETVSSLQGPFLEE,B*07:02,0.0,0.0008975927325486231
541,APKEQNLITL,B*07:02,0.0,0.9875665307044983
542,DIHYPENEMTCN,B*07:02,0.0,0.0005301485782638338
543,MESRPPAQTSL,B*07:02,0.0,0.444883498052756
544,TAACPSTPR,B*07:02,0.0,0.013387875088180104
545,SFAALSGGTL,B*07:02,0.0,0.30041634094797903
546,DPPCRHQSCE,B*07:02,0.0,0.00901876204362553
547,CQRCWLLSHHRRAL,B*07:02,0.0,0.000362695716969736
548,KRLPEGTFS,B*07:02,0.0,0.0026066428052015705
549,LVTSVDSAPAAVK,B*07:02,0.0,0.05327402805495593
550,QTLEKIFLQKVAS,B*07:02,0.0,0.00010460961642719567
551,LAGSLLGPTSRSAAL,B*07:02,0.0,0.060219707510744534
552,QDVPGLPQ,B*07:02,0.0,0.005632321317938881
553,LPFLQNLCSQVN,B*07:02,0.0,0.011532406701007858
554,YKWSFQMSDLENMT,B*07:02,0.0,0.00013525724458910796
555,QATTAYFL,B*07:02,0.0,0.02649570219606782
556,LSDNEQPSSPRVNG,B*07:02,0.0,0.00039122236805471603
557,RSLHSSAVAATYK,B*07:02,0.0,0.006904638838022947
558,LCEAICPAQAITIEA,B*07:02,0.0,0.00019354707976365008
559,YARNPSLKQQL,B*07:02,0.0,0.7444970839553409
560,ALEPRGGF,B*07:02,0.0,0.026677433187918115
561,IHFIAPKIYC,B*07:02,0.0,0.0030538998608891335
562,PEMFAQLSH,B*07:02,0.0,0.019334698393423524
563,MFTIHMGC,B*07:02,0.0,0.002703262582751146
564,DGMCAGPLAG,B*07:02,0.0,0.007388553903890877
565,QCRDSCQQGSNM,B*07:02,0.0,0.012491551703230167
