,assay_positive,assay_negative,ligand_elution,protein_decoy,random_decoy
A*01:01,652,3907,6684,92119,514840
A*01:03,0,0,7,88,514
A*02:01,4257,7231,13975,203699,1063149
A*02:02,1719,2219,0,0,0
A*02:03,2285,3697,1776,26340,136179
A*02:04,0,4,2930,30396,224674
A*02:05,47,23,0,0,0
A*02:06,2115,3232,1,0,73
A*02:07,21,54,3909,52563,301741
A*02:10,0,18,0,0,0
A*02:11,382,652,0,0,0
A*02:12,294,838,0,0,0
A*02:16,172,709,0,0,0
A*02:17,168,157,0,0,0
A*02:19,224,963,0,0,0
A*02:50,81,45,0,0,0
A*03:01,2011,4994,4175,53880,319043
A*03:02,12,13,16,220,1249
A*03:19,12,14,0,0,0
A*11:01,2034,4028,2623,39810,202290
A*11:02,10,3,0,0,0
A*23:01,563,1927,116,1724,8914
A*24:02,669,2449,5831,82149,448869
A*24:03,318,1000,0,0,0
A*24:06,0,0,354,5196,27763
A*24:13,0,0,236,3398,18227
A*25:01,68,831,1274,19058,97941
A*26:01,501,3829,60,850,4396
A*26:02,159,451,0,0,0
A*26:03,61,456,1,0,77
A*29:02,683,1975,7086,105072,544987
A*30:01,718,2053,763,11265,58590
A*30:02,567,1371,20,257,1460
A*31:01,1506,3889,1924,23311,147991
A*32:01,389,680,560,8496,42920
A*32:07,75,9,0,0,0
A*32:15,57,14,0,0,0
A*33:01,678,2750,0,0,0
A*66:01,12,192,44,649,3362
A*66:02,0,0,29,392,2295
A*68:01,1507,2113,20,284,1538
A*68:02,1268,3984,2822,38667,217317
A*68:23,73,6,0,0,0
A*69:01,231,2206,0,0,0
A*74:01,6,8,0,0,0
A*80:01,116,1000,0,0,0
B*07:02,1250,3155,10989,147569,840824
B*08:01,771,2616,4474,59333,345085
B*08:02,36,935,0,0,0
B*08:03,18,435,0,0,0
B*13:01,0,0,51,718,3971
B*13:02,0,0,42,635,3199
B*14:01,17,24,0,0,0
B*14:02,40,281,264,4016,20469
B*14:03,0,0,21,317,1540
B*15:01,1286,2941,7133,106787,547539
B*15:02,118,37,2514,22598,193911
B*15:03,368,296,1188,18275,91989
B*15:09,43,747,0,0,0
B*15:11,0,0,127,1842,9770
B*15:15,0,0,5,43,440
B*15:17,357,1002,7,120,594
B*15:18,0,0,4,73,368
B*15:42,3,340,5,56,361
B*18:01,294,2372,1968,29575,151243
B*18:03,0,0,198,3155,15782
B*27:01,1,3,3526,52807,270609
B*27:02,0,8,3089,46264,239018
B*27:03,0,842,964,14363,74683
B*27:04,0,5,1237,18108,95097
B*27:05,630,2874,16100,202328,1221910
B*27:06,0,7,1157,17358,89858
B*27:07,0,0,2006,29794,154379
B*27:08,0,0,2015,30087,155578
B*27:09,0,0,5339,73504,410803
B*27:10,0,2,9,149,731
B*27:20,86,2,0,0,0
B*35:01,939,2142,1694,25486,131676
B*35:02,0,0,32,544,2696
B*35:03,18,252,181,2729,14135
B*35:04,0,0,11,175,879
B*35:06,0,0,10,152,734
B*35:08,1,0,205,3094,15895
B*37:01,9,59,8,132,659
B*38:01,155,339,10,144,799
B*39:01,287,1417,826,12367,63768
B*39:05,0,0,6,101,513
B*39:06,0,0,22,309,1636
B*39:09,0,0,12,196,951
B*39:10,0,0,1,15,73
B*39:24,0,0,246,3811,19184
B*40:01,603,2684,1746,26404,134970
B*40:02,314,705,13162,196228,1000451
B*40:13,50,6,0,0,0
B*41:01,0,0,433,6623,34003
B*41:02,0,0,21,280,1523
B*41:03,0,0,82,1133,6179
B*41:04,0,0,51,705,3814
B*41:05,0,0,39,550,3033
B*41:06,0,0,21,288,1615
B*42:01,61,159,9,147,743
B*42:02,12,4,0,0,0
B*44:02,405,1786,4656,67911,360154
B*44:03,398,932,5069,77163,390997
B*44:05,0,0,4,60,285
B*44:08,0,0,44,678,3585
B*44:09,0,0,200,2865,15468
B*44:27,0,0,198,2848,15055
B*44:28,0,0,109,1658,8707
B*45:01,180,847,637,9593,49160
B*45:06,4,337,0,0,0
B*46:01,90,1631,1916,28799,148157
B*47:01,0,0,27,346,1986
B*48:01,69,771,0,0,0
B*49:01,0,0,193,2919,14855
B*50:01,0,0,336,5098,25579
B*50:02,0,0,2,32,145
B*51:01,290,2482,4696,64084,362479
B*51:08,0,0,594,8874,45804
B*52:01,3,11,0,0,0
B*53:01,468,1165,0,0,0
B*54:01,205,941,1106,16525,85416
B*56:01,0,0,692,10581,53319
B*57:01,449,2313,16874,215814,1284990
B*57:02,14,4,0,0,0
B*57:03,26,6,4861,64392,375266
B*58:01,705,2460,4047,51852,310153
B*58:02,12,48,0,0,0
B*73:01,16,100,170,2603,13142
B*81:01,11,13,0,0,0
B*83:01,40,276,0,0,0
C*01:02,0,0,1645,24921,127273
C*02:02,0,0,1880,28712,143815
C*03:03,109,36,1117,16850,85553
C*03:04,0,0,2094,32315,162270
C*03:13,0,0,9,74,666
C*04:01,21,503,1929,29751,149221
C*05:01,65,103,4192,63075,322433
C*06:02,97,292,2320,34891,178481
C*07:01,86,148,387,6021,30386
C*07:02,77,56,1202,18188,92734
C*07:04,0,0,2,16,148
C*08:02,30,49,3292,50716,253725
C*12:02,0,0,10251,155974,784558
C*12:03,147,17,1947,30297,151724
C*12:04,0,0,3,43,225
C*14:02,178,68,2337,35759,179497
C*15:02,110,129,1812,27894,139912
C*16:01,0,0,2857,43980,220908
C*17:01,0,0,597,9249,46433
